{
  "identity": {
    "legal_business_name": "Tesla, Inc.",
    "alternate_names_dbas": [
      "Tesla",
      "Tesla Motors"
    ],
    "parent_company": "",
    "subsidiaries_brands": [
      "Tesla Energy",
      "SolarCity (legacy integration)"
    ],
    "registered_business_number": "",
    "corporate_registration_id": "",
    "industry_naics_sic": [
      "336111",
      "335999",
      "221114"
    ]
  },
  "domains": {
    "primary_domain": "tesla.com",
    "secondary_domains": [
      "teslamotors.com",
      "teslaenergy.com"
    ],
    "parked_domains": [],
    "tld_variants": [
      "tesla.net",
      "tesla.org"
    ],
    "known_ips": [],
    "hosting_provider": "Unknown",
    "ssl_issuer": "Unknown",
    "typosquatting_variants": [
      "telsa.com",
      "teslla.com",
      "tesIa.com"
    ]
  },
  "contacts": {
    "registered_legal_address": "EXAMPLE: 1 Tesla Road, Austin, TX, USA",
    "operating_address": "EXAMPLE: 1 Tesla Road, Austin, TX, USA",
    "mailing_address": "EXAMPLE: PO Box 000, Austin, TX, USA",
    "customer_support_emails": [
      "EXAMPLE: support@tesla.com"
    ],
    "sales_emails": [
      "EXAMPLE: sales@tesla.com"
    ],
    "support_phone_number": "EXAMPLE: +1-800-xxx-xxxx",
    "corporate_phone_number": "EXAMPLE: +1-512-xxx-xxxx"
  },
  "people": {
    "executives": [
      "Elon Musk - CEO (illustrative)",
      "Vaibhav Taneja - CFO (illustrative)"
    ],
    "founders": [
      "Elon Musk (associated, illustrative)",
      "Martin Eberhard (illustrative)",
      "Marc Tarpenning (illustrative)",
      "JB Straubel (illustrative)",
      "Ian Wright (illustrative)"
    ],
    "board_members": [
      "Robyn Denholm (illustrative)"
    ],
    "corporate_officers": [],
    "security_it_leaders": [
      "CISO - Unknown (illustrative placeholder)"
    ],
    "public_facing_employees": []
  },
  "platforms": {
    "linkedin": "https://www.linkedin.com/company/tesla-motors/",
    "twitter_x": "https://x.com/Tesla",
    "facebook": "https://www.facebook.com/Tesla/",
    "instagram": "https://www.instagram.com/teslamotors/",
    "youtube": "https://www.youtube.com/@Tesla",
    "github_org": "https://github.com/teslamotors",
    "product_pages": [
      "https://www.tesla.com/models",
      "https://www.tesla.com/model3",
      "https://www.tesla.com/modelx",
      "https://www.tesla.com/modely",
      "https://www.tesla.com/cybertruck",
      "https://www.tesla.com/energy"
    ],
    "api_endpoints": [
      "EXAMPLE: https://owner-api.teslamotors.com/"
    ],
    "mobile_apps_android": [
      "EXAMPLE: com.teslamotors.tesla"
    ],
    "mobile_apps_ios": [
      "EXAMPLE: id582007913"
    ]
  },
  "financial": {
    "investors": [
      "Public shareholders (NASDAQ: TSLA) - illustrative"
    ],
    "funding_rounds": [
      "IPO (illustrative historical context)"
    ],
    "payment_processors": [
      "Unknown/varies (illustrative)"
    ],
    "banking_partners": []
  },
  "security": {
    "regulated_industry": "Automotive & Energy",
    "known_breaches": [],
    "news_references": [
      "EXAMPLE: public news coverage of Tesla (various sources)"
    ],
    "known_phishing_domains": [
      "tesIa.com (capital i) - illustrative"
    ]
  },
  "created_at": "2025-11-22T18:14:38.129017Z",
  "updated_at": "2025-11-22T18:14:38.129030Z"
}