{
  "identity": {
    "legal_business_name": "",
    "alternate_names_dbas": [],
    "parent_company": "",
    "subsidiaries_brands": [],
    "registered_business_number": "",
    "corporate_registration_id": "",
    "industry_naics_sic": []
  },
  "domains": {
    "primary_domain": "",
    "secondary_domains": [],
    "parked_domains": [],
    "tld_variants": [],
    "known_ips": [],
    "hosting_provider": "",
    "ssl_issuer": "",
    "typosquatting_variants": []
  },
  "contacts": {
    "registered_legal_address": "",
    "operating_address": "",
    "mailing_address": "",
    "customer_support_emails": [],
    "sales_emails": [],
    "support_phone_number": "",
    "corporate_phone_number": ""
  },
  "people": {
    "executives": [],
    "founders": [],
    "board_members": [],
    "corporate_officers": [],
    "security_it_leaders": [],
    "public_facing_employees": []
  },
  "platforms": {
    "linkedin": "",
    "twitter_x": "",
    "facebook": "",
    "instagram": "",
    "youtube": "",
    "github_org": "",
    "product_pages": [],
    "api_endpoints": [],
    "mobile_apps_android": [],
    "mobile_apps_ios": []
  },
  "financial": {
    "investors": [],
    "funding_rounds": [],
    "payment_processors": [],
    "banking_partners": []
  },
  "security": {
    "regulated_industry": "",
    "known_breaches": [],
    "news_references": [],
    "known_phishing_domains": []
  },
  "created_at": "2025-11-22T17:47:05.091395Z",
  "updated_at": "2025-11-22T17:47:05.091439Z"
}