[
  { "name": "GitHub", "url": "https://github.com/{username}", "error_type": "status_code", "valid_status": [200] },
  { "name": "GitLab", "url": "https://gitlab.com/{username}", "error_type": "status_code", "valid_status": [200] },
  { "name": "Reddit", "url": "https://www.reddit.com/user/{username}", "error_type": "message", "valid_status": [200],
    "claimed_indicators": ["u/{username}", "overview for"],
    "missing_indicators": ["page not found", "unable to find"] },

  { "name": "Twitter (X)", "url": "https://x.com/{username}", "error_type": "status_code", "valid_status": [200] },
  { "name": "Instagram", "url": "https://www.instagram.com/{username}/", "error_type": "status_code", "valid_status": [200] },
  { "name": "Facebook", "url": "https://www.facebook.com/{username}", "error_type": "status_code", "valid_status": [200] },
  { "name": "TikTok", "url": "https://www.tiktok.com/@{username}", "error_type": "status_code", "valid_status": [200] },

  { "name": "YouTube", "url": "https://www.youtube.com/@{username}", "error_type": "status_code", "valid_status": [200] },
  { "name": "Twitch", "url": "https://www.twitch.tv/{username}", "error_type": "status_code", "valid_status": [200] },

  { "name": "Pinterest", "url": "https://www.pinterest.com/{username}/", "error_type": "status_code", "valid_status": [200] },
  { "name": "LinkedIn", "url": "https://www.linkedin.com/in/{username}", "error_type": "status_code", "valid_status": [200] },

  { "name": "HackerNews", "url": "https://news.ycombinator.com/user?id={username}", "error_type": "message", "valid_status": [200],
    "claimed_indicators": ["user:", "created:"], "missing_indicators": ["No such user"] },

  { "name": "StackOverflow", "url": "https://stackoverflow.com/users/{username}", "error_type": "status_code", "valid_status": [200] },

  { "name": "DeviantArt", "url": "https://www.deviantart.com/{username}", "error_type": "status_code", "valid_status": [200] },
  { "name": "Flickr", "url": "https://www.flickr.com/people/{username}", "error_type": "status_code", "valid_status": [200] },

  { "name": "SoundCloud", "url": "https://soundcloud.com/{username}", "error_type": "status_code", "valid_status": [200] },
  { "name": "Bandcamp", "url": "https://bandcamp.com/{username}", "error_type": "status_code", "valid_status": [200] },

  { "name": "Medium", "url": "https://medium.com/@{username}", "error_type": "status_code", "valid_status": [200] },
  { "name": "Dev.to", "url": "https://dev.to/{username}", "error_type": "status_code", "valid_status": [200] },
  { "name": "Hashnode", "url": "https://hashnode.com/@{username}", "error_type": "status_code", "valid_status": [200] },

  { "name": "DockerHub", "url": "https://hub.docker.com/u/{username}", "error_type": "status_code", "valid_status": [200] },
  { "name": "PyPI", "url": "https://pypi.org/user/{username}/", "error_type": "status_code", "valid_status": [200] },

  { "name": "Rubygems", "url": "https://rubygems.org/profiles/{username}", "error_type": "status_code", "valid_status": [200] },

  { "name": "Kaggle", "url": "https://www.kaggle.com/{username}", "error_type": "status_code", "valid_status": [200] },

  { "name": "Steam", "url": "https://steamcommunity.com/id/{username}", "error_type": "status_code", "valid_status": [200] },
  { "name": "Origin", "url": "https://www.origin.com/profile/{username}", "error_type": "status_code", "valid_status": [200] },

  { "name": "Roblox", "url": "https://www.roblox.com/user.aspx?username={username}", "error_type": "status_code", "valid_status": [200] },
  { "name": "Xbox", "url": "https://www.xboxgamertag.com/search/{username}", "error_type": "status_code", "valid_status": [200] },
  { "name": "Playstation", "url": "https://psnprofiles.com/{username}", "error_type": "status_code", "valid_status": [200] },

  { "name": "Etsy", "url": "https://www.etsy.com/shop/{username}", "error_type": "status_code", "valid_status": [200] },
  { "name": "Shopify", "url": "https://{username}.myshopify.com", "error_type": "status_code", "valid_status": [200] },

  { "name": "CoinMarketCap", "url": "https://coinmarketcap.com/currencies/{username}", "error_type": "status_code", "valid_status": [200] },
  { "name": "Blockchain.info", "url": "https://www.blockchain.com/btc/address/{username}", "error_type": "status_code", "valid_status": [200] },

  { "name": "Goodreads", "url": "https://www.goodreads.com/{username}", "error_type": "status_code", "valid_status": [200] },

  { "name": "LastFM", "url": "https://www.last.fm/user/{username}", "error_type": "status_code", "valid_status": [200] },
  { "name": "GaiaOnline", "url": "https://www.gaiaonline.com/profiles/{username}", "error_type": "status_code", "valid_status": [200] },

  { "name": "Patreon", "url": "https://www.patreon.com/{username}", "error_type": "status_code", "valid_status": [200] },

  { "name": "Wattpad", "url": "https://www.wattpad.com/user/{username}", "error_type": "status_code", "valid_status": [200] },

  { "name": "Quora", "url": "https://www.quora.com/profile/{username}", "error_type": "status_code", "valid_status": [200] },

  { "name": "About.me", "url": "https://about.me/{username}", "error_type": "status_code", "valid_status": [200] },

  { "name": "MyAnimeList", "url": "https://myanimelist.net/profile/{username}", "error_type": "status_code", "valid_status": [200] },
  { "name": "AniList", "url": "https://anilist.co/user/{username}/", "error_type": "status_code", "valid_status": [200] },

  { "name": "Badoo", "url": "https://badoo.com/profile/{username}", "error_type": "status_code", "valid_status": [200] },

  { "name": "OKCupid", "url": "https://www.okcupid.com/profile/{username}", "error_type": "status_code", "valid_status": [200] },

  { "name": "Tinder (Unofficial)", "url": "https://www.gotinder.com/{username}", "error_type": "status_code", "valid_status": [200] },

  { "name": "Pornhub", "url": "https://www.pornhub.com/users/{username}", "error_type": "status_code", "valid_status": [200] },
  { "name": "xVideos", "url": "https://www.xvideos.com/profiles/{username}", "error_type": "status_code", "valid_status": [200] },

  { "name": "VK", "url": "https://vk.com/{username}", "error_type": "status_code", "valid_status": [200] },
  { "name": "Telegram", "url": "https://t.me/{username}", "error_type": "status_code", "valid_status": [200] },

  { "name": "Weibo", "url": "https://weibo.com/{username}", "error_type": "status_code", "valid_status": [200] },
  { "name": "Douban", "url": "https://www.douban.com/people/{username}", "error_type": "status_code", "valid_status": [200] },

  { "name": "Bilibili", "url": "https://space.bilibili.com/{username}", "error_type": "status_code", "valid_status": [200] },

  { "name": "Line.me", "url": "https://line.me/ti/p/~{username}", "error_type": "status_code", "valid_status": [200] },

  { "name": "Strava", "url": "https://www.strava.com/athletes/{username}", "error_type": "status_code", "valid_status": [200] },

  { "name": "MySpace", "url": "https://myspace.com/{username}", "error_type": "status_code", "valid_status": [200] },

  { "name": "Fiverr", "url": "https://www.fiverr.com/{username}", "error_type": "status_code", "valid_status": [200] },
  { "name": "Upwork", "url": "https://www.upwork.com/freelancers/~{username}", "error_type": "status_code", "valid_status": [200] },

  { "name": "AngelList", "url": "https://angel.co/u/{username}", "error_type": "status_code", "valid_status": [200] },

  { "name": "ProductHunt", "url": "https://www.producthunt.com/@{username}", "error_type": "status_code", "valid_status": [200] },

  { "name": "Replit", "url": "https://replit.com/@{username}", "error_type": "status_code", "valid_status": [200] },

  { "name": "CodePen", "url": "https://codepen.io/{username}", "error_type": "status_code", "valid_status": [200] },

  { "name": "Behance", "url": "https://www.behance.net/{username}", "error_type": "status_code", "valid_status": [200] },
  { "name": "Dribbble", "url": "https://dribbble.com/{username}", "error_type": "status_code", "valid_status": [200] },

  { "name": "500px", "url": "https://500px.com/{username}", "error_type": "status_code", "valid_status": [200] },

  { "name": "TripAdvisor", "url": "https://www.tripadvisor.com/Profile/{username}", "error_type": "status_code", "valid_status": [200] },
  { "name": "Airbnb", "url": "https://www.airbnb.com/users/show/{username}", "error_type": "status_code", "valid_status": [200] },

  { "name": "Venmo", "url": "https://account.venmo.com/u/{username}", "error_type": "status_code", "valid_status": [200] },

  { "name": "CashApp", "url": "https://cash.app/$/{username}", "error_type": "status_code", "valid_status": [200] },

  { "name": "MixCloud", "url": "https://www.mixcloud.com/{username}", "error_type": "status_code", "valid_status": [200] },

  { "name": "Notion", "url": "https://www.notion.so/{username}", "error_type": "status_code", "valid_status": [200] },

  { "name": "Letterboxd", "url": "https://letterboxd.com/{username}/", "error_type": "status_code", "valid_status": [200] },

  { "name": "BuyMeACoffee", "url": "https://www.buymeacoffee.com/{username}", "error_type": "status_code", "valid_status": [200] },

  { "name": "Imgur", "url": "https://imgur.com/user/{username}", "error_type": "status_code", "valid_status": [200] },

  { "name": "Keybase", "url": "https://keybase.io/{username}", "error_type": "status_code", "valid_status": [200] },

  { "name": "Giters", "url": "https://giters.com/{username}", "error_type": "status_code", "valid_status": [200] }
]
