[
  {
    "name": "GitHub",
    "url": "https://github.com/{username}",
    "error_type": "status_code",
    "valid_status": [200],
    "enabled": true
  },
  {
    "name": "GitLab",
    "url": "https://gitlab.com/{username}",
    "error_type": "status_code",
    "valid_status": [200],
    "enabled": true
  },
  {
    "name": "Bitbucket",
    "url": "https://bitbucket.org/{username}",
    "error_type": "status_code",
    "valid_status": [200],
    "enabled": true
  },
  {
    "name": "SourceForge",
    "url": "https://sourceforge.net/u/{username}/profile/",
    "error_type": "status_code",
    "valid_status": [200],
    "enabled": true
  },

  {
    "name": "Reddit",
    "url": "https://www.reddit.com/user/{username}",
    "error_type": "message",
    "valid_status": [200],
    "claimed_indicators": ["u/{username}", "Overview"],
    "missing_indicators": ["page not found", "doesn't exist"],
    "enabled": true
  },
  {
    "name": "Twitter (X)",
    "url": "https://x.com/{username}",
    "error_type": "status_code",
    "valid_status": [200],
    "enabled": true
  },
  {
    "name": "Instagram",
    "url": "https://www.instagram.com/{username}/",
    "error_type": "status_code",
    "valid_status": [200],
    "enabled": true
  },
  {
    "name": "Facebook",
    "url": "https://www.facebook.com/{username}",
    "error_type": "status_code",
    "valid_status": [200],
    "enabled": true
  },
  {
    "name": "TikTok",
    "url": "https://www.tiktok.com/@{username}",
    "error_type": "status_code",
    "valid_status": [200],
    "enabled": true
  },
  {
    "name": "Snapchat",
    "url": "https://www.snapchat.com/add/{username}",
    "error_type": "status_code",
    "valid_status": [200],
    "enabled": true
  },

  {
    "name": "LinkedIn",
    "url": "https://www.linkedin.com/in/{username}",
    "error_type": "status_code",
    "valid_status": [200],
    "enabled": true
  },
  {
    "name": "Behance",
    "url": "https://www.behance.net/{username}",
    "error_type": "status_code",
    "valid_status": [200],
    "enabled": true
  },
  {
    "name": "Dribbble",
    "url": "https://dribbble.com/{username}",
    "error_type": "status_code",
    "valid_status": [200],
    "enabled": true
  },
  {
    "name": "DeviantArt",
    "url": "https://www.deviantart.com/{username}",
    "error_type": "status_code",
    "valid_status": [200],
    "enabled": true
  },

  {
    "name": "HackerNews",
    "url": "https://news.ycombinator.com/user?id={username}",
    "error_type": "message",
    "valid_status": [200],
    "claimed_indicators": ["user:", "created:"],
    "missing_indicators": ["No such user", "No such user."],
    "enabled": true
  },
  {
    "name": "StackOverflow",
    "url": "https://stackoverflow.com/users/{username}",
    "error_type": "status_code",
    "valid_status": [200],
    "enabled": false
  },
  {
    "name": "StackExchange",
    "url": "https://stackexchange.com/users/{username}",
    "error_type": "status_code",
    "valid_status": [200],
    "enabled": false
  },
  {
    "name": "SuperUser",
    "url": "https://superuser.com/users/{username}",
    "error_type": "status_code",
    "valid_status": [200],
    "enabled": false
  },

  {
    "name": "Medium",
    "url": "https://medium.com/@{username}",
    "error_type": "status_code",
    "valid_status": [200],
    "enabled": true
  },
  {
    "name": "Substack",
    "url": "https://{username}.substack.com",
    "error_type": "status_code",
    "valid_status": [200, 301, 302],
    "enabled": true
  },
  {
    "name": "WordPress.com",
    "url": "https://{username}.wordpress.com",
    "error_type": "status_code",
    "valid_status": [200, 301, 302],
    "enabled": true
  },
  {
    "name": "Blogger",
    "url": "https://{username}.blogspot.com",
    "error_type": "status_code",
    "valid_status": [200, 301, 302],
    "enabled": true
  },
  {
    "name": "Tumblr",
    "url": "https://{username}.tumblr.com",
    "error_type": "status_code",
    "valid_status": [200, 301, 302],
    "enabled": true
  },

  {
    "name": "YouTube Channel",
    "url": "https://www.youtube.com/@{username}",
    "error_type": "status_code",
    "valid_status": [200],
    "enabled": true
  },
  {
    "name": "Twitch",
    "url": "https://www.twitch.tv/{username}",
    "error_type": "status_code",
    "valid_status": [200],
    "enabled": true
  },
  {
    "name": "Kick",
    "url": "https://kick.com/{username}",
    "error_type": "status_code",
    "valid_status": [200],
    "enabled": true
  },
  {
    "name": "Vimeo",
    "url": "https://vimeo.com/{username}",
    "error_type": "status_code",
    "valid_status": [200],
    "enabled": true
  },

  {
    "name": "Discord",
    "url": "https://discord.com/users/{username}",
    "error_type": "status_code",
    "valid_status": [200],
    "enabled": false
  },
  {
    "name": "Steam",
    "url": "https://steamcommunity.com/id/{username}",
    "error_type": "status_code",
    "valid_status": [200],
    "enabled": true
  },
  {
    "name": "Origin",
    "url": "https://www.origin.com/profile/user/{username}",
    "error_type": "status_code",
    "valid_status": [200],
    "enabled": false
  },
  {
    "name": "Battle.net",
    "url": "https://battle.net/{username}",
    "error_type": "status_code",
    "valid_status": [200],
    "enabled": false
  },
  {
    "name": "Riot Games",
    "url": "https://www.leagueofgraphs.com/summoner/na/{username}",
    "error_type": "status_code",
    "valid_status": [200],
    "enabled": false
  },

  {
    "name": "Patreon",
    "url": "https://www.patreon.com/{username}",
    "error_type": "status_code",
    "valid_status": [200],
    "enabled": true
  },
  {
    "name": "Ko-fi",
    "url": "https://ko-fi.com/{username}",
    "error_type": "status_code",
    "valid_status": [200],
    "enabled": true
  },
  {
    "name": "BuyMeACoffee",
    "url": "https://www.buymeacoffee.com/{username}",
    "error_type": "status_code",
    "valid_status": [200],
    "enabled": true
  },

  {
    "name": "OnlyFans",
    "url": "https://onlyfans.com/{username}",
    "error_type": "status_code",
    "valid_status": [200],
    "enabled": true
  },
  {
    "name": "Fansly",
    "url": "https://fansly.com/{username}",
    "error_type": "status_code",
    "valid_status": [200],
    "enabled": true
  },
  {
    "name": "ManyVids",
    "url": "https://www.manyvids.com/Profile/{username}/",
    "error_type": "status_code",
    "valid_status": [200],
    "enabled": true
  },
  {
    "name": "Chaturbate",
    "url": "https://chaturbate.com/{username}/",
    "error_type": "status_code",
    "valid_status": [200],
    "enabled": true
  },

  {
    "name": "Pornhub",
    "url": "https://www.pornhub.com/users/{username}",
    "error_type": "status_code",
    "valid_status": [200],
    "enabled": true
  },
  {
    "name": "XVideos",
    "url": "https://www.xvideos.com/profiles/{username}",
    "error_type": "status_code",
    "valid_status": [200],
    "enabled": true
  },
  {
    "name": "XNXX",
    "url": "https://www.xnxx.com/profiles/{username}",
    "error_type": "status_code",
    "valid_status": [200],
    "enabled": true
  },
  {
    "name": "XHamster",
    "url": "https://xhamster.com/users/{username}",
    "error_type": "status_code",
    "valid_status": [200],
    "enabled": true
  },

  {
    "name": "Tinder",
    "url": "https://tinder.com/@{username}",
    "error_type": "status_code",
    "valid_status": [200],
    "enabled": false
  },
  {
    "name": "Bumble",
    "url": "https://bumble.com/en/{username}",
    "error_type": "status_code",
    "valid_status": [200],
    "enabled": false
  },
  {
    "name": "OkCupid",
    "url": "https://www.okcupid.com/profile/{username}",
    "error_type": "status_code",
    "valid_status": [200],
    "enabled": false
  },

  {
    "name": "Binance",
    "url": "https://www.binance.com/en/user/profile/{username}",
    "error_type": "status_code",
    "valid_status": [200],
    "enabled": false
  },
  {
    "name": "Kraken",
    "url": "https://www.kraken.com/u/{username}",
    "error_type": "status_code",
    "valid_status": [200],
    "enabled": false
  },
  {
    "name": "Coinbase",
    "url": "https://www.coinbase.com/{username}",
    "error_type": "status_code",
    "valid_status": [200],
    "enabled": false
  },

  {
    "name": "Keybase",
    "url": "https://keybase.io/{username}",
    "error_type": "status_code",
    "valid_status": [200],
    "enabled": true
  },
  {
    "name": "Mastodon.social",
    "url": "https://mastodon.social/@{username}",
    "error_type": "status_code",
    "valid_status": [200],
    "enabled": true
  },
  {
    "name": "Bluesky",
    "url": "https://bsky.app/profile/{username}",
    "error_type": "status_code",
    "valid_status": [200],
    "enabled": true
  },

  {
    "name": "Gab",
    "url": "https://gab.com/{username}",
    "error_type": "status_code",
    "valid_status": [200],
    "enabled": true
  },
  {
    "name": "Truth Social",
    "url": "https://truthsocial.com/@{username}",
    "error_type": "status_code",
    "valid_status": [200],
    "enabled": true
  },
  {
    "name": "Gettr",
    "url": "https://gettr.com/user/{username}",
    "error_type": "status_code",
    "valid_status": [200],
    "enabled": true
  },

  {
    "name": "Flickr",
    "url": "https://www.flickr.com/people/{username}/",
    "error_type": "status_code",
    "valid_status": [200],
    "enabled": true
  },
  {
    "name": "500px",
    "url": "https://500px.com/{username}",
    "error_type": "status_code",
    "valid_status": [200],
    "enabled": true
  },

  {
    "name": "Goodreads",
    "url": "https://www.goodreads.com/{username}",
    "error_type": "status_code",
    "valid_status": [200],
    "enabled": false
  },
  {
    "name": "Letterboxd",
    "url": "https://letterboxd.com/{username}/",
    "error_type": "status_code",
    "valid_status": [200],
    "enabled": true
  },

  {
    "name": "ProductHunt",
    "url": "https://www.producthunt.com/@{username}",
    "error_type": "status_code",
    "valid_status": [200],
    "enabled": true
  },
  {
    "name": "Indie Hackers",
    "url": "https://www.indiehackers.com/{username}",
    "error_type": "status_code",
    "valid_status": [200],
    "enabled": false
  },

  {
    "name": "Etsy",
    "url": "https://www.etsy.com/shop/{username}",
    "error_type": "status_code",
    "valid_status": [200],
    "enabled": true
  },
  {
    "name": "eBay",
    "url": "https://www.ebay.com/usr/{username}",
    "error_type": "status_code",
    "valid_status": [200],
    "enabled": true
  },
  {
    "name": "Depop",
    "url": "https://www.depop.com/{username}/",
    "error_type": "status_code",
    "valid_status": [200],
    "enabled": true
  },

  {
    "name": "Strava",
    "url": "https://www.strava.com/athletes/{username}",
    "error_type": "status_code",
    "valid_status": [200],
    "enabled": false
  },
  {
    "name": "MyFitnessPal",
    "url": "https://www.myfitnesspal.com/profile/{username}",
    "error_type": "status_code",
    "valid_status": [200],
    "enabled": false
  },

  {
    "name": "SoundCloud",
    "url": "https://soundcloud.com/{username}",
    "error_type": "status_code",
    "valid_status": [200],
    "enabled": true
  },
  {
    "name": "Bandcamp",
    "url": "https://{username}.bandcamp.com",
    "error_type": "status_code",
    "valid_status": [200, 301, 302],
    "enabled": true
  },
  {
    "name": "Spotify Artist",
    "url": "https://open.spotify.com/artist/{username}",
    "error_type": "status_code",
    "valid_status": [200],
    "enabled": false
  },

  {
    "name": "Rumble",
    "url": "https://rumble.com/c/{username}",
    "error_type": "status_code",
    "valid_status": [200],
    "enabled": true
  },
  {
    "name": "Odysee",
    "url": "https://odysee.com/@{username}",
    "error_type": "status_code",
    "valid_status": [200],
    "enabled": true
  },

  {
    "name": "Giters",
    "url": "https://giters.com/{username}",
    "error_type": "status_code",
    "valid_status": [200],
    "enabled": true
  },
  {
    "name": "Replit",
    "url": "https://replit.com/@{username}",
    "error_type": "status_code",
    "valid_status": [200],
    "enabled": true
  },
  {
    "name": "CodePen",
    "url": "https://codepen.io/{username}",
    "error_type": "status_code",
    "valid_status": [200],
    "enabled": true
  },

  {
    "name": "Dev.to",
    "url": "https://dev.to/{username}",
    "error_type": "status_code",
    "valid_status": [200],
    "enabled": true
  },
  {
    "name": "Hashnode",
    "url": "https://hashnode.com/@{username}",
    "error_type": "status_code",
    "valid_status": [200],
    "enabled": true
  }
]
